{"isCollapsed":"yes","totalBooks":"14","isFullScreen":"no","windowWidth":"1360","windowHeight":"741","windowX":"3","windowY":"24","backgroundColor":"rgba(255,255,255,1)","textColor":"rgba(0,0,0,1)","highlightIndex":"7","fontFamily":"Noto Serif","fontSize":"15","isBold":"no","lineHeight":"1.75","margin":"60","brightness":"0.9","isOSNight":"yes","appSkin":"system","lang":"en","appInfo":"dev","isFirst":"no","viewMode":"list","version":"1.5.1","isFullscreen":"no","voiceSpeed":"1.5","convertChinese":"Default","readerMode":"double","lastSyncTime":"1704984322794"}