{"1697139432319":{"text":"match (T::from_str(&s[..index]), T::from_str(&s[index + 1..])) {\n    (Ok(l), Ok(r)) => Some((l, r)),\n    _ => None\n}","chapterTitle":"2. A Tour of Rust","chapterDocIndex":"5","chapterHref":"OEBPS/ch02.xhtml#parsing-pair-command-line-arguments","count":"211","percentage":"0.16666666666666666","page":""},"1697139911886":{"text":"Listing 10-24: A struct that holds a reference, requiring a lifetime annotation","chapterTitle":"Chapter 10: Generic Types, Traits, and Lifetimes","chapterDocIndex":"18","chapterHref":"c10.xhtml","count":"280","percentage":"0.5142857142857142","page":""},"1697139433635":{"text":"// One function allocates memory for a new object.\nextern fn ECDSA_SIG_new() -> *mut ECDSA_SIG;\n\n// And another accepts a pointer created by new\n// and deallocates it when the caller is done with it.\nextern fn ECDSA_SIG_free(sig: *mut ECDSA_SIG);","chapterTitle":"Chapter 11: Foreign Function Interfaces","chapterDocIndex":"19","chapterHref":"OPS/c11.xhtml","count":"103","percentage":"0.8260869565217391","page":""},"1700892324340":{"text":"\n    \n      To access the forum, go to https://livebook.manning.com/book/rust-in-action/ welcome/v-16/.\n    \n\n    \n      You can also learn more about Manning’s forums and the rules of conduct at this location: https://livebook.manning.com/#!/discussion.\n    \n  ","chapterTitle":"front matter","chapterDocIndex":"6","chapterHref":"OEBPS/Text/fm.htm","count":"49","percentage":"0.2727272727272727","page":""},"1697139433035":{"text":"Which brings us to another group of potential readers, the Rust skeptics. While I do believe that most Rust skeptics are doing the community a valuable service by pointing out opportunities for improvement, all but the most Rust-savvy of skeptics would benefit from reading this book. If nothing else, doing so would enable them to provide sharper and better-targeted criticisms.","chapterTitle":"Foreword","chapterDocIndex":"5","chapterHref":"OEBPS/foreword01.xhtml#foreword","count":"8","percentage":"0.2777777777777778","page":""},"1702028528220":{"text":"$ echo Rust  has assumed   control\nRust has assumed control","chapterTitle":"2. Test for Echo","chapterDocIndex":"5","chapterHref":"OEBPS/ch02.html#idm45389949768896","count":"22","percentage":"0.22727272727272727","page":""}}